{"aktiivimalli": {"RW": 0.2991228070175439, "AC": [1.965034174522453, 0.2489074349119898], "FLOW": [30.604949309332348, 6.543258631560638], "ASSOR": 0.11011300202778845}, "ammatillinenkoulutus": {"RW": 0.6661718825162523, "AC": [0.35826461966108203, 0.10228858086773336], "FLOW": [35.648402464730786, 8.221969106552777], "ASSOR": -0.1407745039521046}, "arvot": {"RW": 0.4419786096256684, "AC": [0.13188939498276264, 0.0231744688943778], "FLOW": [2.2083415579536916, 0.9640248079977274], "ASSOR": -0.06389936558459973}, "demokratia": {"RW": 0.6806903991370011, "AC": [0.19776086840340057, 0.02608915185440344], "FLOW": [2.7132488086380384, 1.8890693471971827], "ASSOR": -0.08779432752594842}, "digitalisaatio": {"RW": 0.4492276779102673, "AC": [0.16726357664490266, 0.04137325393059131], "FLOW": [3.0056026759737073, 1.429480550909165], "ASSOR": -0.0907307166755197}, "eduskunta": {"RW": 0.5266402465874064, "AC": [0.9259576324588046, 0.04117365831752139], "FLOW": [186.10212156770967, 16.094662986203748], "ASSOR": -0.09866383822021947}, "eduskuntavaalit2019": {"RW": 0.4704859335038362, "AC": [0.5952528101398401, 0.03922256842980327], "FLOW": [156.6897653872149, 12.459391380764647], "ASSOR": 0.048496218611108435}, "eduskuntavaalit": {"RW": 0.562529206078087, "AC": [0.47192724254310636, 0.03287087422808521], "FLOW": [269.4183967612345, 20.319349394551853], "ASSOR": 0.13912420960528168}, "eriarvoisuus": {"RW": 0.07960006699908523, "AC": [0.08421209036457995, 0.025587841109376633], "FLOW": [0.6207725180661279, 0.18471984055239135], "ASSOR": 0.061363023001191036}, "eu": {"RW": 1.0, "AC": [0.0, 0.0], "FLOW": [422977.130485008, 622.0058670003574], "ASSOR": 0.7604044471539586}, "fridaysforfuture": {"RW": 0.007153507228895489, "AC": [0.4645901997452313, 0.17491151895288048], "FLOW": [5.7007595759298075, 0.75352722894664], "ASSOR": -0.07828726222791714}, "hallitus": {"RW": 0.3927207734178244, "AC": [0.41852109959296396, 0.03872915222052167], "FLOW": [144.02483257115406, 13.959081125474652], "ASSOR": 0.2348490290113266}, "helsinki": {"RW": 1.0, "AC": [0.0, 0.0], "FLOW": [15.542276154444444, 2.8603681710213786], "ASSOR": -0.0688836010008329}, "hoitajamitoitus": {"RW": 0.43146237645191543, "AC": [0.305378073249344, 0.032675823415767594], "FLOW": [8.182482861307788, 1.295343603472963], "ASSOR": -0.015103680521239204}, "hyvinvointi": {"RW": 0.18381565519761123, "AC": [0.22376574982215477, 0.03423512653556487], "FLOW": [2.293000710842094, 0.7253611673317231], "ASSOR": 0.006679433840028002}, "ihmisoikeudet": {"RW": 0.12395787626151818, "AC": [0.10384076435635475, 0.024858783525797217], "FLOW": [10.217475465354235, 1.052457473850164], "ASSOR": 0.024436788610676958}, "ilmasto": {"RW": 0.4389010318710923, "AC": [0.8121224945547019, 0.02955990436150519], "FLOW": [7631.081693690475, 116.6850069392016], "ASSOR": 0.21049399029980406}, "ilmastolakko": {"RW": 0.7151535480023853, "AC": [0.17292704007815293, 0.017544977611416636], "FLOW": [399.83430208043524, 25.56334028921137], "ASSOR": 0.08960926855831362}, "ilmastomarssi": {"RW": 0.03149163919156675, "AC": [0.04750134898258011, 0.009091925556118843], "FLOW": [38.080350524375, 2.211839005872164], "ASSOR": 0.17754970466733588}, "ilmastonmuutos": {"RW": 0.6293226381461675, "AC": [0.36628800008946594, 0.022172822253915928], "FLOW": [978.4587992399909, 44.28863057177386], "ASSOR": 0.1679198518901609}, "ilmastovaalit": {"RW": 0.5391003510932266, "AC": [0.6630545967384938, 0.06709884302228108], "FLOW": [1655.2556164451498, 68.19252264757452], "ASSOR": 0.19022271293903645}, "johtaminen": {"RW": 0.7702164944689861, "AC": [0.1863671442141386, 0.030132634487131056], "FLOW": [2.7602441385333565, 2.272143294716476], "ASSOR": 0.03511138555075215}, "jotainrajaa": {"RW": 0.044926969222743945, "AC": [0, 0], "FLOW": [119.81841568177813, 6.0781212034799745], "ASSOR": -0.20887194233103887}, "journalismi": {"RW": 0.7991426254199977, "AC": [0.18780902714325715, 0.022185123932854017], "FLOW": [8.493210801983787, 3.499690677578123], "ASSOR": -0.2983536046261565}, "kasvu": {"RW": 0.45303196014096486, "AC": [0.12089081267103284, 0.02304022937542275], "FLOW": [4.910390129594281, 1.0033730837871566], "ASSOR": 0.14538577120210175}, "keskusta": {"RW": 0.7319572277737757, "AC": [0.27595085924088714, 0.01560179202849709], "FLOW": [182.0266469410643, 21.806749485181783], "ASSOR": -0.1316860358440432}, "kokoomus": {"RW": 0.47526499474551426, "AC": [0.7783088834076857, 0.028457086899197036], "FLOW": [1023.133621150043, 36.95295975483467], "ASSOR": 0.013120796216239199}, "korvaamaton": {"RW": -0.016514325822758885, "AC": [0.0893158131356056, 0.019586680065671266], "FLOW": [128.77113513568253, 8.658159272844138], "ASSOR": -0.10422045817382722}, "koulutus": {"RW": 0.3730341212176952, "AC": [1.2947502014402388, 0.10731364457090103], "FLOW": [65.44209641149818, 7.7028435470063945], "ASSOR": -0.012857828494647401}, "koulutusratkaisee": {"RW": 0.8015972088854747, "AC": [0.23146012396619609, 0.026082928501998934], "FLOW": [26.359565760000002, 8.962700704513804], "ASSOR": 0.104813805631242}, "koulutustaprkl": {"RW": 0.43227899432278993, "AC": [0.594305238980565, 0.1353261115291628], "FLOW": [49.208349999999996, 9.710026873831573], "ASSOR": -0.005262084224731596}, "kunnat": {"RW": 0.5800983820304628, "AC": [0.3736415689246565, 0.058008066843239406], "FLOW": [1.6219762415418646, 1.070382853114812], "ASSOR": -0.03529411764705864}, "k\u00f6yhyys": {"RW": 0.07418330308529952, "AC": [0.4598533322574176, 0.14909735872959395], "FLOW": [4.847233061032664, 0.5805775789220368], "ASSOR": 0.012721084254263446}, "lapsenoikeudet": {"RW": 0.06448903182450925, "AC": [0.44268433579679756, 0.18737347451717892], "FLOW": [39.04438466630468, 4.024763883154418], "ASSOR": -0.021890360504650305}, "lapset": {"RW": 0.7822258065823441, "AC": [0.13101254468821522, 0.016839954625229445], "FLOW": [10.89620695471083, 3.4451731914520933], "ASSOR": -0.09077261688457211}, "liikenne": {"RW": 0.24505417452712058, "AC": [0.39872460292560513, 0.07234909165267275], "FLOW": [3.927179115337468, 2.071322796223613], "ASSOR": -0.00314115328932584}, "luonto": {"RW": 0.0233128608052528, "AC": [1.18142664423444, 0.12371131254204967], "FLOW": [13.752693856581349, 0.9357881299496835], "ASSOR": -0.03231386697859891}, "maahanmuutto": {"RW": 0.9269655620532814, "AC": [0.1119245475263735, 0.010450410528378494], "FLOW": [213.04797570787824, 20.953478717831402], "ASSOR": 0.031956182198041055}, "maakuntauudistus": {"RW": 0.7514833022546193, "AC": [0.17599176567996522, 0.026240267851471037], "FLOW": [12.589311576348825, 5.415458579881657], "ASSOR": 0.06804147786215678}, "maksuton2aste": {"RW": 0.6933110893506933, "AC": [0.45438579361971465, 0.11977252967348775], "FLOW": [8.985260821227097, 3.894254000033649], "ASSOR": -0.059373316018692744}, "mets\u00e4": {"RW": 0.7407816769518897, "AC": [0.17342832902061692, 0.02653969222274665], "FLOW": [18.800657883775997, 3.8978777802172746], "ASSOR": -0.008467047826592388}, "mielenterveys": {"RW": 0.19727360076867637, "AC": [1.4868887561386872, 0.22965955009291011], "FLOW": [15.344968255736244, 0.8564397949929339], "ASSOR": -0.11728370799530242}, "monimuotoisuus": {"RW": 0.38643870580286765, "AC": [0.7447456670172956, 0.11416001273665188], "FLOW": [7.306424192734705, 3.2627545294786207], "ASSOR": 0.07767932689646456}, "nuoret": {"RW": 0.09223933575763593, "AC": [0.23685239855312268, 0.03502247559925184], "FLOW": [30.923271739524306, 5.088186121875824], "ASSOR": 0.08522175565052116}, "nytonpakko": {"RW": -0.008687669702650586, "AC": [0.23515500250884835, 0.03530493325776403], "FLOW": [282.0400823692602, 7.210748449339519], "ASSOR": -0.0053539477968042}, "n\u00e4yt\u00e4luontosi": {"RW": 0.3593810066330703, "AC": [1.2150368591041758, 0.28049973263045147], "FLOW": [32.50728729624807, 9.097115384615385], "ASSOR": -0.027475716726943107}, "osaaminen": {"RW": 0.056173463655768974, "AC": [0.24457396638426132, 0.05842153744250475], "FLOW": [2.334431171466261, 0.40559566266312963],