{"baltimore": {"varFLOW": 1135.636305637426, "wasFLOW": 9.147778984350055, "eneFLOW": 1.5197356338991206}, "jurassicworld": {"varFLOW": 84589941.88248152, "wasFLOW": 5583.920339218042, "eneFLOW": 51.712472829853574}, "ultralive": {"varFLOW": 37731984.92245328, "wasFLOW": 1851.1813056436158, "eneFLOW": 21.45326537471526}, "leadersdebate": {"varFLOW": 3668962.505150543, "wasFLOW": 415.5832645051199, "eneFLOW": 8.719946964328742}, "wcw": {"varFLOW": 3714.304943856462, "wasFLOW": 9.495131275245242, "eneFLOW": 1.2814232088268036}, "ukraine": {"varFLOW": 1405728.850918592, "wasFLOW": 307.56252445748555, "eneFLOW": 9.571772315837883}, "sxsw": {"varFLOW": 380977.4375555202, "wasFLOW": 472.7489832578225, "eneFLOW": 19.916431822965517}, "mothersday": {"varFLOW": 782104675.7748685, "wasFLOW": 31753.34488888889, "eneFLOW": 177.27187460988756}, "nemtsov": {"varFLOW": 267878.1445051346, "wasFLOW": 599.5213874108222, "eneFLOW": 24.833976948037066}, "beefban": {"varFLOW": 206.21383856323322, "wasFLOW": 3.8327666244160685, "eneFLOW": 1.0228301201548735}, "onedirection": {"varFLOW": 102740.18780601061, "wasFLOW": 142.85536016158363, "eneFLOW": 5.7745971323560354}, "russia": {"varFLOW": 1057.3502561318785, "wasFLOW": 9.107091442113829, "eneFLOW": 1.1048460092873758}, "gunsense": {"varFLOW": 425221272.67882025, "wasFLOW": 17662.458978430004, "eneFLOW": 120.8954981888609}, "indiana": {"varFLOW": 69009.30530265765, "wasFLOW": 134.45401047661943, "eneFLOW": 8.508649284812874}, "germanwings": {"varFLOW": 507663.869339659, "wasFLOW": 216.01020515533776, "eneFLOW": 9.666817541173561}, "nepal": {"varFLOW": 3081827.749496723, "wasFLOW": 146.4699054934643, "eneFLOW": 1.7344455456719179}, "indiasdaughter": {"varFLOW": 60523.15909817756, "wasFLOW": 13.344057835998457, "eneFLOW": 0.5324953891906253}, "ff": {"varFLOW": 14522870173.780706, "wasFLOW": 24982.473915441245, "eneFLOW": 57.83461558670237}, "nationalkissingday": {"varFLOW": 281.4645232188334, "wasFLOW": 6.885673959068454, "eneFLOW": 1.360808427579069}, "netanyahu": {"varFLOW": 1970414.209308145, "wasFLOW": 368.706329533098, "eneFLOW": 8.98481481082746}}