{"aktiivimalli": {"RW": 0.23754695543922025, "AC": [1.9650341745224544, 0.24890743491198963], "FLOW": [30.604949309332348, 6.543258631560638], "ASSOR": 0.11011300202778845}, "ammatillinenkoulutus": {"RW": 0.6701555023923446, "AC": [0.3582646196610782, 0.10228858086773343], "FLOW": [35.648402464730786, 8.221969106552777], "ASSOR": -0.1407745039521046}, "arvot": {"RW": 0.35700889772551003, "AC": [0.1318893949827569, 0.023174468894377506], "FLOW": [2.2083415579536916, 0.9640248079977274], "ASSOR": -0.06389936558459973}, "demokratia": {"RW": 0.6977758692020466, "AC": [0.19776086840340237, 0.026089151854403417], "FLOW": [2.7132488086380384, 1.8890693471971827], "ASSOR": -0.08779432752594842}, "digitalisaatio": {"RW": 0.45188819542151193, "AC": [0.16726357664486072, 0.0413732539305913], "FLOW": [3.0056026759737073, 1.429480550909165], "ASSOR": -0.0907307166755197}, "eduskunta": {"RW": 0.4578639724383541, "AC": [0.9259576324588037, 0.04117365831752137], "FLOW": [186.10212156770967, 16.094662986203748], "ASSOR": -0.09866383822021947}, "eduskuntavaalit2019": {"RW": 0.5424165362545644, "AC": [0.5952528101398451, 0.03922256842980318], "FLOW": [156.6897653872149, 12.459391380764647], "ASSOR": 0.048496218611108435}, "eduskuntavaalit": {"RW": 0.5423231145774499, "AC": [0.4719272425431095, 0.0328708742280853], "FLOW": [269.4183967612345, 20.319349394551853], "ASSOR": 0.13912420960528168}, "eriarvoisuus": {"RW": 0.06596504416463078, "AC": [0.08421209036459018, 0.025587841109376636], "FLOW": [0.6207725180661279, 0.18471984055239135], "ASSOR": 0.061363023001191036}, "eu": {"RW": 1.0, "AC": [0.0, 0.0], "FLOW": [422977.130485008, 622.0058670003574], "ASSOR": 0.7604044471539586}, "fridaysforfuture": {"RW": 0.008269688347559812, "AC": [0.46459019974526106, 0.17491151895288054], "FLOW": [5.7007595759298075, 0.75352722894664], "ASSOR": -0.07828726222791714}, "hallitus": {"RW": 0.4467013888888889, "AC": [0.4185210995929577, 0.03872915222052155], "FLOW": [144.02483257115406, 13.959081125474652], "ASSOR": 0.2348490290113266}, "helsinki": {"RW": 1.0, "AC": [0.0, 0.0], "FLOW": [15.542276154444444, 2.8603681710213786], "ASSOR": -0.0688836010008329}, "hoitajamitoitus": {"RW": 0.4395604395604396, "AC": [0.30537807324934113, 0.0326758234157676], "FLOW": [8.182482861307788, 1.295343603472963], "ASSOR": -0.015103680521239204}, "hyvinvointi": {"RW": 0.12833193041526378, "AC": [0.22376574982215522, 0.03423512653556483], "FLOW": [2.293000710842094, 0.7253611673317231], "ASSOR": 0.006679433840028002}, "ihmisoikeudet": {"RW": 0.10249049196417613, "AC": [0.10384076435635846, 0.024858783525797224], "FLOW": [10.217475465354235, 1.052457473850164], "ASSOR": 0.024436788610676958}, "ilmasto": {"RW": 0.46933340228577336, "AC": [0.8121224945547088, 0.029559904361505174], "FLOW": [7631.081693690475, 116.6850069392016], "ASSOR": 0.21049399029980406}, "ilmastolakko": {"RW": 0.731532120213456, "AC": [0.1729270400781822, 0.01754497761141662], "FLOW": [399.83430208043524, 25.56334028921137], "ASSOR": 0.08960926855831362}, "ilmastomarssi": {"RW": 0.021214823810698502, "AC": [0.047501348982569934, 0.009091925556118936], "FLOW": [38.080350524375, 2.211839005872164], "ASSOR": 0.17754970466733588}, "ilmastonmuutos": {"RW": 0.6141544117647059, "AC": [0.3662880000894746, 0.022172822253915925], "FLOW": [978.4587992399909, 44.28863057177386], "ASSOR": 0.1679198518901609}, "ilmastovaalit": {"RW": 0.5328047386619318, "AC": [0.6630545967384908, 0.0670988430222811], "FLOW": [1655.2556164451498, 68.19252264757452], "ASSOR": 0.19022271293903645}, "johtaminen": {"RW": 0.7405765326179022, "AC": [0.18636714421413572, 0.030132634487131015], "FLOW": [2.7602441385333565, 2.272143294716476], "ASSOR": 0.03511138555075215}, "jotainrajaa": {"RW": 0.05395942745340332, "FLOW": [119.81841568177813, 6.0781212034799745], "ASSOR": -0.20887194233103887}, "journalismi": {"RW": 0.8192493757802747, "AC": [0.18780902714325717, 0.022185123932854038], "FLOW": [8.493210801983787, 3.499690677578123], "ASSOR": -0.2983536046261565}, "kasvu": {"RW": 0.435168552676643, "AC": [0.12089081267103394, 0.02304022937542277], "FLOW": [4.910390129594281, 1.0033730837871566], "ASSOR": 0.14538577120210175}, "keskusta": {"RW": 0.7547078472188605, "AC": [0.27595085924088747, 0.01560179202849708], "FLOW": [182.0266469410643, 21.806749485181783], "ASSOR": -0.1316860358440432}, "kokoomus": {"RW": 0.4902240616526331, "AC": [0.7783088834076881, 0.02845708689919705], "FLOW": [1023.133621150043, 36.95295975483467], "ASSOR": 0.013120796216239199}, "korvaamaton": {"RW": 0.043767011431682046, "AC": [0.08931581313569076, 0.019586680065671366], "FLOW": [128.77113513568253, 8.658159272844138], "ASSOR": -0.10422045817382722}, "koulutus": {"RW": 0.44416367424746195, "AC": [1.2947502014402403, 0.10731364457090106], "FLOW": [65.44209641149818, 7.7028435470063945], "ASSOR": -0.012857828494647401}, "koulutusratkaisee": {"RW": 0.7858971691923637, "AC": [0.2314601239661953, 0.026082928501998955], "FLOW": [26.359565760000002, 8.962700704513804], "ASSOR": 0.104813805631242}, "koulutustaprkl": {"RW": 0.4215470890905938, "AC": [0.5943052389805599, 0.13532611152916285], "FLOW": [49.208349999999996, 9.710026873831573], "ASSOR": -0.005262084224731596}, "kunnat": {"RW": 0.5212059226008684, "AC": [0.3736415689246576, 0.05800806684323935], "FLOW": [1.6219762415418646, 1.070382853114812], "ASSOR": -0.03529411764705864}, "k\u00f6yhyys": {"RW": 0.06463975977399794, "AC": [0.45985333225739866, 0.149097358729594], "FLOW": [4.847233061032664, 0.5805775789220368], "ASSOR": 0.012721084254263446}, "lapsenoikeudet": {"RW": 0.06292906178489699, "AC": [0.44268433579677824, 0.18737347451717923], "FLOW": [39.04438466630468, 4.024763883154418], "ASSOR": -0.021890360504650305}, "lapset": {"RW": 0.7810927390366642, "AC": [0.13101254468821533, 0.01683995462522946], "FLOW": [10.89620695471083, 3.4451731914520933], "ASSOR": -0.09077261688457211}, "liikenne": {"RW": 0.30619921512432624, "AC": [0.3987246029256041, 0.07234909165267285], "FLOW": [3.927179115337468, 2.071322796223613], "ASSOR": -0.00314115328932584}, "luonto": {"RW": 0.006487553769127713, "AC": [1.1814266442344494, 0.12371131254204976], "FLOW": [13.752693856581349, 0.9357881299496835], "ASSOR": -0.03231386697859891}, "maahanmuutto": {"RW": 0.8842818428184281, "AC": [0.11192454752637078, 0.010450410528378477], "FLOW": [213.04797570787824, 20.953478717831402], "ASSOR": 0.031956182198041055}, "maakuntauudistus": {"RW": 0.7729013045944414, "AC": [0.17599176567996527, 0.026240267851471086], "FLOW": [12.589311576348825, 5.415458579881657], "ASSOR": 0.06804147786215678}, "maksuton2aste": {"RW": 0.6176097497362213, "AC": [0.45438579361971154, 0.11977252967348774], "FLOW": [8.985260821227097, 3.894254000033649], "ASSOR": -0.059373316018692744}, "mets\u00e4": {"RW": 0.7226314874840387, "AC": [0.173428329020619, 0.026539692222746537], "FLOW": [18.800657883775997, 3.8978777802172746], "ASSOR": -0.008467047826592388}, "mielenterveys": {"RW": 0.14861145146491447, "AC": [1.4868887561386805, 0.22965955009291028], "FLOW": [15.344968255736244, 0.8564397949929339], "ASSOR": -0.11728370799530242}, "monimuotoisuus": {"RW": 0.42017649886363106, "AC": [0.7447456670172943, 0.11416001273665184], "FLOW": [7.306424192734705, 3.2627545294786207], "ASSOR": 0.07767932689646456}, "nuoret": {"RW": 0.09681686647374949, "AC": [0.236852398553122, 0.03502247559925188], "FLOW": [30.923271739524306, 5.088186121875824], "ASSOR": 0.08522175565052116}, "nytonpakko": {"RW": -0.021573142649375848, "AC": [0.23515500250876817, 0.03530493325776423], "FLOW": [282.0400823692602, 7.210748449339519], "ASSOR": -0.0053539477968042}, "n\u00e4yt\u00e4luontosi": {"RW": 0.44961020552799424, "AC": [1.2150368591041782, 0.2804997326304516], "FLOW": [32.50728729624807, 9.097115384615385], "ASSOR": -0.027475716726943107}, "osaaminen": {"RW": 0.07195261086051488, "AC": [0.24457396638431878, 0.05842153744250488], "FLOW": [2.334431171466261, 0.40559566266312963], "ASSOR": 0.08160153187357679},